time_s,event,communication_mode,control_algorithm,count,delay_s,deliver_time_s,hop,link_type,origin_id,packet_size_bytes,protocol,receiver,sender,speed_mps,tx_delay_s,vehicle,vehicle_a,vehicle_b
0.0,v2i_auto_rsus_created,,,20,,,,,,,,,,,,,,
25.0,incident_waiting_for_vehicle,,,,,,,,,,,,,,,,,
25.1,incident_waiting_for_vehicle,,,,,,,,,,,,,,,,,
25.2,incident_waiting_for_vehicle,,,,,,,,,,,,,,,,,
25.3,incident_waiting_for_vehicle,,,,,,,,,,,,,,,,,
25.4,incident_waiting_for_vehicle,,,,,,,,,,,,,,,,,
25.5,incident_waiting_for_vehicle,,,,,,,,,,,,,,,,,
25.6,incident_waiting_for_vehicle,,,,,,,,,,,,,,,,,
25.7,incident_waiting_for_vehicle,,,,,,,,,,,,,,,,,
25.8,incident_waiting_for_vehicle,,,,,,,,,,,,,,,,,
25.9,incident_waiting_for_vehicle,,,,,,,,,,,,,,,,,
26.0,incident_waiting_for_vehicle,,,,,,,,,,,,,,,,,
26.1,incident_waiting_for_vehicle,,,,,,,,,,,,,,,,,
26.2,incident_waiting_for_vehicle,,,,,,,,,,,,,,,,,
26.3,incident_waiting_for_vehicle,,,,,,,,,,,,,,,,,
26.4,incident_waiting_for_vehicle,,,,,,,,,,,,,,,,,
26.5,incident_waiting_for_vehicle,,,,,,,,,,,,,,,,,
26.6,incident_waiting_for_vehicle,,,,,,,,,,,,,,,,,
26.7,incident_waiting_for_vehicle,,,,,,,,,,,,,,,,,
26.8,incident_waiting_for_vehicle,,,,,,,,,,,,,,,,,
26.9,incident_waiting_for_vehicle,,,,,,,,,,,,,,,,,
27.0,incident_waiting_for_vehicle,,,,,,,,,,,,,,,,,
27.1,incident_waiting_for_vehicle,,,,,,,,,,,,,,,,,
27.2,incident_waiting_for_vehicle,,,,,,,,,,,,,,,,,
27.3,incident_waiting_for_vehicle,,,,,,,,,,,,,,,,,
27.4,incident_waiting_for_vehicle,,,,,,,,,,,,,,,,,
27.5,incident_waiting_for_vehicle,,,,,,,,,,,,,,,,,
27.6,incident_waiting_for_vehicle,,,,,,,,,,,,,,,,,
27.7,incident_waiting_for_vehicle,,,,,,,,,,,,,,,,,
27.8,incident_waiting_for_vehicle,,,,,,,,,,,,,,,,,
27.9,incident_waiting_for_vehicle,,,,,,,,,,,,,,,,,
28.0,incident_waiting_for_vehicle,,,,,,,,,,,,,,,,,
28.1,incident_waiting_for_vehicle,,,,,,,,,,,,,,,,,
28.2,incident_waiting_for_vehicle,,,,,,,,,,,,,,,,,
28.3,incident_waiting_for_vehicle,,,,,,,,,,,,,,,,,
28.4,incident_waiting_for_vehicle,,,,,,,,,,,,,,,,,
28.5,incident_waiting_for_vehicle,,,,,,,,,,,,,,,,,
28.6,incident_waiting_for_vehicle,,,,,,,,,,,,,,,,,
28.7,incident_waiting_for_vehicle,,,,,,,,,,,,,,,,,
28.8,incident_waiting_for_vehicle,,,,,,,,,,,,,,,,,
28.9,incident_waiting_for_vehicle,,,,,,,,,,,,,,,,,
29.0,incident_waiting_for_vehicle,,,,,,,,,,,,,,,,,
29.1,incident_waiting_for_vehicle,,,,,,,,,,,,,,,,,
29.2,incident_waiting_for_vehicle,,,,,,,,,,,,,,,,,
29.3,incident_waiting_for_vehicle,,,,,,,,,,,,,,,,,
29.4,incident_waiting_for_vehicle,,,,,,,,,,,,,,,,,
29.5,incident_waiting_for_vehicle,,,,,,,,,,,,,,,,,
29.6,incident_waiting_for_vehicle,,,,,,,,,,,,,,,,,
29.7,incident_waiting_for_vehicle,,,,,,,,,,,,,,,,,
29.8,incident_waiting_for_vehicle,,,,,,,,,,,,,,,,,
29.9,incident_waiting_for_vehicle,,,,,,,,,,,,,,,,,
30.0,incident_waiting_for_vehicle,,,,,,,,,,,,,,,,,
30.1,incident_waiting_for_vehicle,,,,,,,,,,,,,,,,,
30.2,incident_waiting_for_vehicle,,,,,,,,,,,,,,,,,
30.3,incident_waiting_for_vehicle,,,,,,,,,,,,,,,,,
30.4,incident_waiting_for_vehicle,,,,,,,,,,,,,,,,,
30.5,incident_waiting_for_vehicle,,,,,,,,,,,,,,,,,
30.6,incident_waiting_for_vehicle,,,,,,,,,,,,,,,,,
30.7,incident_waiting_for_vehicle,,,,,,,,,,,,,,,,,
30.8,incident_waiting_for_vehicle,,,,,,,,,,,,,,,,,
30.9,incident_waiting_for_vehicle,,,,,,,,,,,,,,,,,
31.0,incident_waiting_for_vehicle,,,,,,,,,,,,,,,,,
31.1,incident_waiting_for_vehicle,,,,,,,,,,,,,,,,,
31.2,incident_waiting_for_vehicle,,,,,,,,,,,,,,,,,
31.3,incident_waiting_for_vehicle,,,,,,,,,,,,,,,,,
31.4,incident_waiting_for_vehicle,,,,,,,,,,,,,,,,,
31.5,incident_waiting_for_vehicle,,,,,,,,,,,,,,,,,
31.6,incident_waiting_for_vehicle,,,,,,,,,,,,,,,,,
31.7,incident_waiting_for_vehicle,,,,,,,,,,,,,,,,,
31.8,incident_waiting_for_vehicle,,,,,,,,,,,,,,,,,
31.9,incident_waiting_for_vehicle,,,,,,,,,,,,,,,,,
32.0,incident_waiting_for_vehicle,,,,,,,,,,,,,,,,,
32.1,incident_waiting_for_vehicle,,,,,,,,,,,,,,,,,
32.2,incident_waiting_for_vehicle,,,,,,,,,,,,,,,,,
32.3,incident_waiting_for_vehicle,,,,,,,,,,,,,,,,,
32.4,incident_waiting_for_vehicle,,,,,,,,,,,,,,,,,
32.5,incident_waiting_for_vehicle,,,,,,,,,,,,,,,,,
32.6,incident_waiting_for_vehicle,,,,,,,,,,,,,,,,,
32.7,incident_waiting_for_vehicle,,,,,,,,,,,,,,,,,
32.8,incident_waiting_for_vehicle,,,,,,,,,,,,,,,,,
32.9,incident_waiting_for_vehicle,,,,,,,,,,,,,,,,,
33.0,incident_waiting_for_vehicle,,,,,,,,,,,,,,,,,
33.1,incident_waiting_for_vehicle,,,,,,,,,,,,,,,,,
33.2,incident_waiting_for_vehicle,,,,,,,,,,,,,,,,,
33.3,incident_waiting_for_vehicle,,,,,,,,,,,,,,,,,
33.4,incident_waiting_for_vehicle,,,,,,,,,,,,,,,,,
33.5,incident_waiting_for_vehicle,,,,,,,,,,,,,,,,,
33.6,incident_waiting_for_vehicle,,,,,,,,,,,,,,,,,
33.7,incident_waiting_for_vehicle,,,,,,,,,,,,,,,,,
33.8,incident_waiting_for_vehicle,,,,,,,,,,,,,,,,,
33.9,incident_waiting_for_vehicle,,,,,,,,,,,,,,,,,
34.0,incident_waiting_for_vehicle,,,,,,,,,,,,,,,,,
34.1,incident_waiting_for_vehicle,,,,,,,,,,,,,,,,,
34.2,incident_waiting_for_vehicle,,,,,,,,,,,,,,,,,
34.3,incident_waiting_for_vehicle,,,,,,,,,,,,,,,,,
34.4,incident_waiting_for_vehicle,,,,,,,,,,,,,,,,,
34.5,incident_waiting_for_vehicle,,,,,,,,,,,,,,,,,
34.6,incident_waiting_for_vehicle,,,,,,,,,,,,,,,,,
34.7,incident_waiting_for_vehicle,,,,,,,,,,,,,,,,,
34.8,incident_waiting_for_vehicle,,,,,,,,,,,,,,,,,
34.9,incident_waiting_for_vehicle,,,,,,,,,,,,,,,,,
35.0,incident_waiting_for_vehicle,,,,,,,,,,,,,,,,,
35.1,incident_waiting_for_vehicle,,,,,,,,,,,,,,,,,
35.2,incident_waiting_for_vehicle,,,,,,,,,,,,,,,,,
35.3,incident_waiting_for_vehicle,,,,,,,,,,,,,,,,,
35.4,incident_waiting_for_vehicle,,,,,,,,,,,,,,,,,
35.5,incident_waiting_for_vehicle,,,,,,,,,,,,,,,,,
35.6,incident_waiting_for_vehicle,,,,,,,,,,,,,,,,,
35.7,incident_waiting_for_vehicle,,,,,,,,,,,,,,,,,
35.8,incident_waiting_for_vehicle,,,,,,,,,,,,,,,,,
35.9,incident_waiting_for_vehicle,,,,,,,,,,,,,,,,,
36.0,incident_waiting_for_vehicle,,,,,,,,,,,,,,,,,
36.1,incident_waiting_for_vehicle,,,,,,,,,,,,,,,,,
36.2,incident_waiting_for_vehicle,,,,,,,,,,,,,,,,,
36.3,incident_waiting_for_vehicle,,,,,,,,,,,,,,,,,
36.4,incident_waiting_for_vehicle,,,,,,,,,,,,,,,,,
36.5,incident_waiting_for_vehicle,,,,,,,,,,,,,,,,,
36.6,incident_waiting_for_vehicle,,,,,,,,,,,,,,,,,
36.7,incident_waiting_for_vehicle,,,,,,,,,,,,,,,,,
36.8,incident_waiting_for_vehicle,,,,,,,,,,,,,,,,,
36.9,incident_waiting_for_vehicle,,,,,,,,,,,,,,,,,
37.0,incident_waiting_for_vehicle,,,,,,,,,,,,,,,,,
37.1,incident_waiting_for_vehicle,,,,,,,,,,,,,,,,,
37.2,incident_waiting_for_vehicle,,,,,,,,,,,,,,,,,
37.3,incident_waiting_for_vehicle,,,,,,,,,,,,,,,,,
37.4,incident_waiting_for_vehicle,,,,,,,,,,,,,,,,,
37.5,incident_waiting_for_vehicle,,,,,,,,,,,,,,,,,
37.6,incident_waiting_for_vehicle,,,,,,,,,,,,,,,,,
37.7,incident_waiting_for_vehicle,,,,,,,,,,,,,,,,,
37.8,incident_waiting_for_vehicle,,,,,,,,,,,,,,,,,
37.9,incident_waiting_for_vehicle,,,,,,,,,,,,,,,,,
38.0,incident_waiting_for_vehicle,,,,,,,,,,,,,,,,,
38.1,incident_waiting_for_vehicle,,,,,,,,,,,,,,,,,
38.2,incident_waiting_for_vehicle,,,,,,,,,,,,,,,,,
38.3,incident_waiting_for_vehicle,,,,,,,,,,,,,,,,,
38.4,incident_waiting_for_vehicle,,,,,,,,,,,,,,,,,
38.5,incident_waiting_for_vehicle,,,,,,,,,,,,,,,,,
38.6,incident_waiting_for_vehicle,,,,,,,,,,,,,,,,,
38.7,incident_waiting_for_vehicle,,,,,,,,,,,,,,,,,
38.8,incident_waiting_for_vehicle,,,,,,,,,,,,,,,,,
38.9,incident_waiting_for_vehicle,,,,,,,,,,,,,,,,,
39.0,incident_waiting_for_vehicle,,,,,,,,,,,,,,,,,
39.1,incident_waiting_for_vehicle,,,,,,,,,,,,,,,,,
39.2,incident_waiting_for_vehicle,,,,,,,,,,,,,,,,,
39.3,incident_waiting_for_vehicle,,,,,,,,,,,,,,,,,
39.4,incident_waiting_for_vehicle,,,,,,,,,,,,,,,,,
39.5,incident_waiting_for_vehicle,,,,,,,,,,,,,,,,,
39.6,incident_waiting_for_vehicle,,,,,,,,,,,,,,,,,
39.7,incident_waiting_for_vehicle,,,,,,,,,,,,,,,,,
39.8,incident_waiting_for_vehicle,,,,,,,,,,,,,,,,,
39.9,incident_waiting_for_vehicle,,,,,,,,,,,,,,,,,
40.0,incident_waiting_for_vehicle,,,,,,,,,,,,,,,,,
40.1,incident_waiting_for_vehicle,,,,,,,,,,,,,,,,,
40.2,incident_waiting_for_vehicle,,,,,,,,,,,,,,,,,
40.3,incident_waiting_for_vehicle,,,,,,,,,,,,,,,,,
40.4,incident_waiting_for_vehicle,,,,,,,,,,,,,,,,,
40.5,incident_waiting_for_vehicle,,,,,,,,,,,,,,,,,
40.6,incident_waiting_for_vehicle,,,,,,,,,,,,,,,,,
40.7,incident_waiting_for_vehicle,,,,,,,,,,,,,,,,,
40.8,incident_waiting_for_vehicle,,,,,,,,,,,,,,,,,
40.9,incident_waiting_for_vehicle,,,,,,,,,,,,,,,,,
41.0,incident_waiting_for_vehicle,,,,,,,,,,,,,,,,,
41.1,incident_waiting_for_vehicle,,,,,,,,,,,,,,,,,
41.2,incident_waiting_for_vehicle,,,,,,,,,,,,,,,,,
41.3,incident_waiting_for_vehicle,,,,,,,,,,,,,,,,,
41.4,incident_waiting_for_vehicle,,,,,,,,,,,,,,,,,
41.5,incident_waiting_for_vehicle,,,,,,,,,,,,,,,,,
41.6,incident_waiting_for_vehicle,,,,,,,,,,,,,,,,,
41.7,incident_waiting_for_vehicle,,,,,,,,,,,,,,,,,
41.8,incident_waiting_for_vehicle,,,,,,,,,,,,,,,,,
41.9,incident_waiting_for_vehicle,,,,,,,,,,,,,,,,,
42.0,incident_waiting_for_vehicle,,,,,,,,,,,,,,,,,
42.1,incident_waiting_for_vehicle,,,,,,,,,,,,,,,,,
42.2,incident_waiting_for_vehicle,,,,,,,,,,,,,,,,,
42.3,incident_waiting_for_vehicle,,,,,,,,,,,,,,,,,
42.4,incident_waiting_for_vehicle,,,,,,,,,,,,,,,,,
42.5,incident_waiting_for_vehicle,,,,,,,,,,,,,,,,,
42.6,incident_waiting_for_vehicle,,,,,,,,,,,,,,,,,
42.7,incident_waiting_for_vehicle,,,,,,,,,,,,,,,,,
42.8,incident_waiting_for_vehicle,,,,,,,,,,,,,,,,,
42.9,incident_waiting_for_vehicle,,,,,,,,,,,,,,,,,
43.0,incident_waiting_for_vehicle,,,,,,,,,,,,,,,,,
43.1,incident_waiting_for_vehicle,,,,,,,,,,,,,,,,,
43.2,incident_waiting_for_vehicle,,,,,,,,,,,,,,,,,
43.3,incident_waiting_for_vehicle,,,,,,,,,,,,,,,,,
43.4,incident_waiting_for_vehicle,,,,,,,,,,,,,,,,,
43.5,incident_waiting_for_vehicle,,,,,,,,,,,,,,,,,
43.6,incident_waiting_for_vehicle,,,,,,,,,,,,,,,,,
43.7,incident_waiting_for_vehicle,,,,,,,,,,,,,,,,,
43.8,incident_waiting_for_vehicle,,,,,,,,,,,,,,,,,
43.9,incident_waiting_for_vehicle,,,,,,,,,,,,,,,,,
44.0,incident_waiting_for_vehicle,,,,,,,,,,,,,,,,,
44.1,incident_waiting_for_vehicle,,,,,,,,,,,,,,,,,
44.2,incident_waiting_for_vehicle,,,,,,,,,,,,,,,,,
44.3,incident_waiting_for_vehicle,,,,,,,,,,,,,,,,,
44.4,incident_waiting_for_vehicle,,,,,,,,,,,,,,,,,
44.5,incident_waiting_for_vehicle,,,,,,,,,,,,,,,,,
44.6,incident_waiting_for_vehicle,,,,,,,,,,,,,,,,,
44.7,incident_waiting_for_vehicle,,,,,,,,,,,,,,,,,
44.8,incident_waiting_for_vehicle,,,,,,,,,,,,,,,,,
44.9,incident_waiting_for_vehicle,,,,,,,,,,,,,,,,,
45.0,incident_waiting_for_vehicle,,,,,,,,,,,,,,,,,
45.1,incident_waiting_for_vehicle,,,,,,,,,,,,,,,,,
45.2,incident_waiting_for_vehicle,,,,,,,,,,,,,,,,,
45.3,incident_waiting_for_vehicle,,,,,,,,,,,,,,,,,
45.4,incident_waiting_for_vehicle,,,,,,,,,,,,,,,,,
45.5,incident_waiting_for_vehicle,,,,,,,,,,,,,,,,,
45.6,incident_waiting_for_vehicle,,,,,,,,,,,,,,,,,
45.7,incident_waiting_for_vehicle,,,,,,,,,,,,,,,,,
45.8,incident_waiting_for_vehicle,,,,,,,,,,,,,,,,,
45.9,incident_waiting_for_vehicle,,,,,,,,,,,,,,,,,
46.0,incident_waiting_for_vehicle,,,,,,,,,,,,,,,,,
46.1,incident_waiting_for_vehicle,,,,,,,,,,,,,,,,,
46.2,incident_waiting_for_vehicle,,,,,,,,,,,,,,,,,
46.3,incident_waiting_for_vehicle,,,,,,,,,,,,,,,,,
46.4,incident_waiting_for_vehicle,,,,,,,,,,,,,,,,,
46.5,incident_waiting_for_vehicle,,,,,,,,,,,,,,,,,
46.6,incident_waiting_for_vehicle,,,,,,,,,,,,,,,,,
46.7,incident_waiting_for_vehicle,,,,,,,,,,,,,,,,,
46.8,incident_waiting_for_vehicle,,,,,,,,,,,,,,,,,
46.9,incident_waiting_for_vehicle,,,,,,,,,,,,,,,,,
47.0,incident_waiting_for_vehicle,,,,,,,,,,,,,,,,,
47.1,incident_waiting_for_vehicle,,,,,,,,,,,,,,,,,
47.2,incident_waiting_for_vehicle,,,,,,,,,,,,,,,,,
47.3,incident_started,v2v,ttc_adaptive,,,,,,,,,,,10.905002175953198,,29,,
47.3,v2v_packet_sent,,,,,47.3355,1,,29,600,CV2X_PC5,28,29,,0.00048,,,
47.4,warning_received,,,,0.03548,,1,V2V,29,600,CV2X_PC5,28,29,,,,,
47.4,v2v_packet_sent,,,,,47.4855,2,,29,600,CV2X_PC5,14,28,,0.00048,,,
47.4,v2v_packet_sent,,,,,47.4855,2,,29,600,CV2X_PC5,18,28,,0.00048,,,
47.4,v2v_packet_sent,,,,,47.4855,2,,29,600,CV2X_PC5,29,28,,0.00048,,,
47.4,v2v_packet_sent,,,,,47.4855,2,,29,600,CV2X_PC5,33,28,,0.00048,,,
47.4,v2v_packet_sent,,,,,47.4855,2,,29,600,CV2X_PC5,38,28,,0.00048,,,
47.4,v2v_packet_sent,,,,,47.4855,2,,29,600,CV2X_PC5,39,28,,0.00048,,,
47.5,warning_received,,,,0.18548,,2,V2V,29,600,CV2X_PC5,14,28,,,,,
47.5,v2v_packet_sent,,,,,47.6355,3,,29,600,CV2X_PC5,29,14,,0.00048,,,
47.5,v2v_packet_sent,,,,,47.6355,3,,29,600,CV2X_PC5,33,14,,0.00048,,,
47.5,v2v_packet_sent,,,,,47.6355,3,,29,600,CV2X_PC5,38,14,,0.00048,,,
47.5,v2v_packet_sent,,,,,47.6355,3,,29,600,CV2X_PC5,39,14,,0.00048,,,
47.5,warning_received,,,,0.18548,,2,V2V,29,600,CV2X_PC5,18,28,,,,,
47.5,v2v_packet_sent,,,,,47.6355,3,,29,600,CV2X_PC5,29,18,,0.00048,,,
47.5,v2v_packet_sent,,,,,47.6355,3,,29,600,CV2X_PC5,39,18,,0.00048,,,
47.5,warning_received,,,,0.18548,,2,V2V,29,600,CV2X_PC5,29,28,,,,,
47.5,v2v_packet_sent,,,,,47.6355,3,,29,600,CV2X_PC5,33,29,,0.00048,,,
47.5,v2v_packet_sent,,,,,47.6355,3,,29,600,CV2X_PC5,38,29,,0.00048,,,
47.5,v2v_packet_sent,,,,,47.6355,3,,29,600,CV2X_PC5,39,29,,0.00048,,,
47.5,warning_received,,,,0.18548,,2,V2V,29,600,CV2X_PC5,33,28,,,,,
47.5,v2v_packet_sent,,,,,47.6355,3,,29,600,CV2X_PC5,38,33,,0.00048,,,
47.5,v2v_packet_sent,,,,,47.6355,3,,29,600,CV2X_PC5,39,33,,0.00048,,,
47.5,warning_received,,,,0.18548,,2,V2V,29,600,CV2X_PC5,38,28,,,,,
47.5,v2v_packet_sent,,,,,47.6355,3,,29,600,CV2X_PC5,20,38,,0.00048,,,
47.5,v2v_packet_sent,,,,,47.6355,3,,29,600,CV2X_PC5,39,38,,0.00048,,,
47.5,v2v_packet_sent,,,,,47.6355,3,,29,600,CV2X_PC5,43,38,,0.00048,,,
47.5,warning_received,,,,0.18548,,2,V2V,29,600,CV2X_PC5,39,28,,,,,
47.7,duplicate_warning_ignored,,,,,,,V2V,,,,29,14,,,,,
47.7,duplicate_warning_ignored,,,,,,,V2V,,,,33,14,,,,,
47.7,duplicate_warning_ignored,,,,,,,V2V,,,,38,14,,,,,
47.7,duplicate_warning_ignored,,,,,,,V2V,,,,39,14,,,,,
47.7,duplicate_warning_ignored,,,,,,,V2V,,,,29,18,,,,,
47.7,duplicate_warning_ignored,,,,,,,V2V,,,,39,18,,,,,
47.7,duplicate_warning_ignored,,,,,,,V2V,,,,33,29,,,,,
47.7,duplicate_warning_ignored,,,,,,,V2V,,,,38,29,,,,,
47.7,duplicate_warning_ignored,,,,,,,V2V,,,,39,29,,,,,
47.7,duplicate_warning_ignored,,,,,,,V2V,,,,38,33,,,,,
47.7,duplicate_warning_ignored,,,,,,,V2V,,,,39,33,,,,,
47.7,warning_received,,,,0.33548,,3,V2V,29,600,CV2X_PC5,20,38,,,,,
47.7,v2v_packet_sent,,,,,47.8855,4,,29,600,CV2X_PC5,16,20,,0.00048,,,
47.7,v2v_packet_sent,,,,,47.8855,4,,29,600,CV2X_PC5,30,20,,0.00048,,,
47.7,v2v_packet_sent,,,,,47.8855,4,,29,600,CV2X_PC5,43,20,,0.00048,,,
47.7,duplicate_warning_ignored,,,,,,,V2V,,,,39,38,,,,,
47.7,warning_received,,,,0.33548,,3,V2V,29,600,CV2X_PC5,43,38,,,,,
47.7,v2v_packet_sent,,,,,47.8855,4,,29,600,CV2X_PC5,16,43,,0.00048,,,
47.7,v2v_packet_sent,,,,,47.8855,4,,29,600,CV2X_PC5,30,43,,0.00048,,,
47.9,warning_received,,,,0.58548,,4,V2V,29,600,CV2X_PC5,16,20,,,,,
47.9,v2v_packet_sent,,,,,48.1355,5,,29,600,CV2X_PC5,30,16,,0.00048,,,
47.9,v2v_packet_sent,,,,,48.1355,5,,29,600,CV2X_PC5,36,16,,0.00048,,,
47.9,warning_received,,,,0.58548,,4,V2V,29,600,CV2X_PC5,30,20,,,,,
47.9,v2v_packet_sent,,,,,48.1355,5,,29,600,CV2X_PC5,36,30,,0.00048,,,
47.9,duplicate_warning_ignored,,,,,,,V2V,,,,43,20,,,,,
47.9,duplicate_warning_ignored,,,,,,,V2V,,,,16,43,,,,,
47.9,duplicate_warning_ignored,,,,,,,V2V,,,,30,43,,,,,
48.2,duplicate_warning_ignored,,,,,,,V2V,,,,30,16,,,,,
48.2,warning_received,,,,0.83548,,5,V2V,29,600,CV2X_PC5,36,16,,,,,
48.2,duplicate_warning_ignored,,,,,,,V2V,,,,36,30,,,,,
68.7,collision,,,,,,,,,,,,,,,,54,20
